<resources>
    <string name="app_name">Popular News Events</string>
    <string name="mostPopular">Most Popular</string>
    <string name="entertainment">Entertainment</string>
    <string name="health">Health</string>
    <string name="lifeStyle">Lifestyle</string>
    <string name="opinion">Opinion</string>
    <string name="politics">Politics</string>
    <string name="science">Science</string>
    <string name="sports">Sports</string>
    <string name="tech">Tech</string>
    <string name="travel">Travel</string>
    <string name="unitedStates">U.S.</string>
</resources>
